Wed, 11 Jul 2018 11:00:15 GMT,83
Wed, 11 Jul 2018 10:45:15 GMT,83
Wed, 11 Jul 2018 10:30:15 GMT,83
Wed, 11 Jul 2018 10:15:15 GMT,83
Wed, 11 Jul 2018 10:00:15 GMT,83
Wed, 11 Jul 2018 09:45:15 GMT,83
Wed, 11 Jul 2018 09:30:15 GMT,83
Wed, 11 Jul 2018 09:15:15 GMT,83
Wed, 11 Jul 2018 09:00:15 GMT,83
Wed, 11 Jul 2018 08:45:15 GMT,83
Wed, 11 Jul 2018 08:30:14 GMT,83
Wed, 11 Jul 2018 08:15:15 GMT,83
Wed, 11 Jul 2018 08:00:15 GMT,83
Wed, 11 Jul 2018 07:45:15 GMT,83
Wed, 11 Jul 2018 07:30:15 GMT,83
Wed, 11 Jul 2018 07:15:15 GMT,83
Wed, 11 Jul 2018 07:00:15 GMT,83
Wed, 11 Jul 2018 06:45:15 GMT,83
Wed, 11 Jul 2018 06:30:15 GMT,83
Wed, 11 Jul 2018 06:15:15 GMT,83
Wed, 11 Jul 2018 06:00:15 GMT,83
Wed, 11 Jul 2018 05:45:15 GMT,83
Wed, 11 Jul 2018 05:30:12 GMT,83
Wed, 11 Jul 2018 05:15:15 GMT,83
Wed, 11 Jul 2018 05:00:15 GMT,83
Wed, 11 Jul 2018 04:45:14 GMT,83
Wed, 11 Jul 2018 04:30:15 GMT,83
Wed, 11 Jul 2018 04:15:14 GMT,83
Wed, 11 Jul 2018 04:00:15 GMT,83
Wed, 11 Jul 2018 03:45:15 GMT,83
Wed, 11 Jul 2018 03:30:15 GMT,83
Wed, 11 Jul 2018 03:15:15 GMT,83
Wed, 11 Jul 2018 03:00:15 GMT,83
Wed, 11 Jul 2018 02:45:15 GMT,83
Wed, 11 Jul 2018 02:30:14 GMT,83
Wed, 11 Jul 2018 02:15:14 GMT,83
Wed, 11 Jul 2018 02:00:14 GMT,83
Wed, 11 Jul 2018 01:45:14 GMT,82
Wed, 11 Jul 2018 01:30:14 GMT,82
Wed, 11 Jul 2018 01:15:14 GMT,82
Wed, 11 Jul 2018 01:00:14 GMT,82
Wed, 11 Jul 2018 00:45:14 GMT,82
Wed, 11 Jul 2018 00:30:14 GMT,82
Wed, 11 Jul 2018 00:15:14 GMT,82
Wed, 11 Jul 2018 00:00:15 GMT,82
Tue, 10 Jul 2018 23:45:14 GMT,82
Tue, 10 Jul 2018 23:30:15 GMT,82
Tue, 10 Jul 2018 23:15:15 GMT,82
Tue, 10 Jul 2018 23:00:15 GMT,82
Tue, 10 Jul 2018 22:45:15 GMT,82
Thu, 12 Jul 2018 11:30:15 GMT,420
Thu, 12 Jul 2018 11:15:14 GMT,420
Thu, 12 Jul 2018 11:00:14 GMT,420
Thu, 12 Jul 2018 10:45:15 GMT,420
Thu, 12 Jul 2018 10:30:14 GMT,420
Thu, 12 Jul 2018 10:15:15 GMT,420
Thu, 12 Jul 2018 10:00:15 GMT,420
Thu, 12 Jul 2018 09:45:15 GMT,420
Thu, 12 Jul 2018 09:30:14 GMT,420
Thu, 12 Jul 2018 09:15:15 GMT,420
Thu, 12 Jul 2018 09:00:15 GMT,420
Thu, 12 Jul 2018 08:45:15 GMT,420
Thu, 12 Jul 2018 08:30:15 GMT,420
Thu, 12 Jul 2018 08:15:15 GMT,420
Thu, 12 Jul 2018 08:00:15 GMT,420
Thu, 12 Jul 2018 07:45:15 GMT,420
Thu, 12 Jul 2018 07:30:15 GMT,420
Thu, 12 Jul 2018 07:15:14 GMT,420
Thu, 12 Jul 2018 07:00:15 GMT,420
Thu, 12 Jul 2018 06:45:15 GMT,420
Thu, 12 Jul 2018 06:30:15 GMT,420
Thu, 12 Jul 2018 06:15:15 GMT,420
Thu, 12 Jul 2018 06:00:15 GMT,420
Thu, 12 Jul 2018 05:45:15 GMT,420
Thu, 12 Jul 2018 05:30:14 GMT,420
Thu, 12 Jul 2018 05:15:15 GMT,420
Thu, 12 Jul 2018 05:00:15 GMT,420
Thu, 12 Jul 2018 04:45:14 GMT,420
Thu, 12 Jul 2018 04:30:15 GMT,420
Thu, 12 Jul 2018 04:15:14 GMT,420
Thu, 12 Jul 2018 04:00:15 GMT,420
Thu, 12 Jul 2018 03:45:14 GMT,420
Thu, 12 Jul 2018 03:30:15 GMT,420
Thu, 12 Jul 2018 03:15:16 GMT,420
Thu, 12 Jul 2018 03:00:15 GMT,420
Thu, 12 Jul 2018 02:45:15 GMT,420
Thu, 12 Jul 2018 02:30:15 GMT,420
Thu, 12 Jul 2018 02:15:14 GMT,420
Thu, 12 Jul 2018 02:00:15 GMT,420
Thu, 12 Jul 2018 01:45:15 GMT,420
Thu, 12 Jul 2018 01:30:15 GMT,420
Thu, 12 Jul 2018 01:15:14 GMT,420
Thu, 12 Jul 2018 01:00:15 GMT,420
Thu, 12 Jul 2018 00:45:15 GMT,420
Thu, 12 Jul 2018 00:30:14 GMT,420
Thu, 12 Jul 2018 00:15:14 GMT,420
Thu, 12 Jul 2018 00:00:14 GMT,420
Wed, 11 Jul 2018 23:45:14 GMT,420
Wed, 11 Jul 2018 23:30:15 GMT,420
Wed, 11 Jul 2018 23:15:16 GMT,420
